Feature,Importance
Rainfall (mm),0.2854724191482182
River Discharge (m³/s),0.2206539647240195
Water Level (m),0.13544927913415672
Elevation (m),0.09495229946658665
Historical Floods,0.07241348103925191
Latitude,0.03273109154443637
Population Density,0.03249675306054057
Temperature (°C),0.031500451772605506
Longitude,0.03144802224146195
Humidity (%),0.031114544195506456
Infrastructure,0.004316067787896394
Land Cover_Desert,0.0037372962014469114
Soil Type_Peat,0.0034646378324200517
Soil Type_Sandy,0.0034440407090865007
Land Cover_Forest,0.003417799296257851
Land Cover_Water Body,0.0033954541673237434
Soil Type_Loam,0.0033749310443805056
Land Cover_Urban,0.0033563878195503115
Soil Type_Silt,0.0032610788148538946
